hour,P_win1_W,SHGC_win1,P_win2_W,SHGC_win2
0,0.0,night,0.0,night
1,0.0,night,0.0,night
2,0.0,night,0.0,night
3,0.0,night,0.0,night
4,0.0,night,0.0,night
5,0.0,night,0.0,night
6,25.8,clear,40.6,clear
7,149.7,clear,219.1,clear
8,129.5,tinted,142.7,tinted
9,187.7,tinted,152.7,tinted
10,228.9,tinted,130.8,tinted
11,252.9,tinted,212.9,clear
12,260.1,tinted,152.5,clear
13,245.0,tinted,141.7,clear
14,207.9,tinted,116.5,clear
15,151.9,tinted,82.1,clear
16,187.0,clear,42.9,clear
17,43.0,clear,17.3,clear
18,0.0,night,0.0,night
19,0.0,night,0.0,night
20,0.0,night,0.0,night
21,0.0,night,0.0,night
22,0.0,night,0.0,night
23,0.0,night,0.0,night
